Code	Name
AF	Afghanistan
AL	Albania
DZ	Algeria
AS	American Samoa
AD	Andorra
AO	Angola
AR	Argentina
AM	Armenia
AW	Aruba
AU	Australia
AT	Austria
AZ	Azerbaijan
BS	Bahamas
BH	Bahrain
BD	Bangladesh
BB	Barbados
BY	Belarus
BE	Belgium
BZ	Belize
BJ	Benin
BM	Bermuda
BT	Bhutan
BO	Bolivia
BA	Bosnia and Herzegovina
BW	Botswana
BR	Brazil
BN	Brunei Darussalam
BG	Bulgaria
BF	Burkina Faso
BI	Burundi
KH	Cambodia
CM	Cameroon
CA	Canada
KY	Cayman Islands
CF	Central African Republic
TD	Chad
CL	Chile
CN	China
CO	Colombia
KM	Comoros
CG	Congo
CD	Congo, The Democratic Republic of the
CR	Costa Rica
HR	Croatia
CU	Cuba
CY	Cyprus
CZ	Czech Republic
CI	Côte D'Ivoire
DK	Denmark
DJ	Djibouti
DO	Dominican Republic
EC	Ecuador
EG	Egypt
SV	El Salvador
GQ	Equatorial Guinea
EE	Estonia
ET	Ethiopia
FO	Faroe Islands
FJ	Fiji
FI	Finland
CS	Former Serbia and Montenegro
YU	Former Yugoslavia
FR	France
GF	French Guiana
PF	French Polynesia
GA	Gabon
GM	Gambia
GE	Georgia
DE	Germany
GH	Ghana
GI	Gibraltar
GR	Greece
GL	Greenland
GD	Grenada
GP	Guadeloupe
GU	Guam
GT	Guatemala
GN	Guinea
GW	Guinea-Bissau
GY	Guyana
HT	Haiti
VA	Holy See (Vatican City State)
HN	Honduras
HK	Hong Kong
HU	Hungary
IS	Iceland
IN	India
ID	Indonesia
IR	Iran, Islamic Republic of
IQ	Iraq
IE	Ireland
IL	Israel
IT	Italy
JM	Jamaica
JP	Japan
JE	Jersey
JO	Jordan
KZ	Kazakhstan
KE	Kenya
KP	Korea, Democratic People's Republic of
KR	Korea, Republic of
KW	Kuwait
KG	Kyrgyzstan
LA	Lao People's Democratic Republic
LV	Latvia
LB	Lebanon
LS	Lesotho
LR	Liberia
LY	Libyan Arab Jamahiriya
LI	Liechtenstein
LT	Lithuania
LU	Luxembourg
MK	Macedonia, The Former Yugoslav Republic of
MG	Madagascar
MW	Malawi
MY	Malaysia
MV	Maldives
ML	Mali
MT	Malta
MQ	Martinique
MR	Mauritania
MU	Mauritius
YT	Mayotte
MX	Mexico
MD	Moldova, Republic of
MC	Monaco
MN	Mongolia
ME	Montenegro
MS	Montserrat
MA	Morocco
MZ	Mozambique
MM	Myanmar
NA	Namibia
NP	Nepal
NL	Netherlands
AN	Netherlands Antilles
NC	New Caledonia
NZ	New Zealand
NI	Nicaragua
NE	Niger
NG	Nigeria
MP	Northern Mariana Islands
NO	Norway
OM	Oman
PK	Pakistan
PA	Panama
PG	Papua New Guinea
PY	Paraguay
PE	Peru
PH	Philippines
PL	Poland
PT	Portugal
PR	Puerto Rico
QA	Qatar
RO	Romania
RU	Russian Federation
RW	Rwanda
RE	Réunion
KN	Saint Kitts and Nevis
LC	Saint Lucia
WS	Samoa
SA	Saudi Arabia
SN	Senegal
RS	Serbia
SC	Seychelles
SL	Sierra Leone
SG	Singapore
SK	Slovakia
SI	Slovenia
SB	Solomon Islands
SO	Somalia
ZA	South Africa
ES	Spain
LK	Sri Lanka
SD	Sudan
SR	Suriname
SZ	Swaziland
SE	Sweden
CH	Switzerland
SY	Syrian Arab Republic
TW	Taiwan
TJ	Tajikistan
TZ	Tanzania
TH	Thailand
TG	Togo
TT	Trinidad and Tobago
TN	Tunisia
TR	Turkey
UG	Uganda
UA	Ukraine
AE	United Arab Emirates
GB	United Kingdom
US	United States
UY	Uruguay
UZ	Uzbekistan
VU	Vanuatu
VE	Venezuela
VN	Vietnam
VI	Virgin Islands (U.S.)
YE	Yemen
ZM	Zambia